zona;zona_nome;secoes;BRANCOS;Candidato 55 (55);Cappelli (40);Celina Leão (11);Elisson (36);Expedito Mendonça (29);Kiko Caputo (30);Leandro Grass (13);NULOS;Paula Belmonte (45);Professor Robson (16);Professora Samara Mineiro (80);Rico Pinheiro (28);VOTOS_VALIDOS;TOTAL_COMPARECIMENTO;%validos Candidato 55 (55);%validos Cappelli (40);%validos Celina Leão (11);%validos Elisson (36);%validos Expedito Mendonça (29);%validos Kiko Caputo (30);%validos Leandro Grass (13);%validos Paula Belmonte (45);%validos Professor Robson (16);%validos Professora Samara Mineiro (80);%validos Rico Pinheiro (28)
1;Asa Sul;281;1604;109;1626;22626;55;40;4703;24654;1816;3795;59;159;20;57846;61266;0.19;2.81;39.11;0.1;0.07;8.13;42.62;6.56;0.1;0.27;0.03
2;Paranoá (inclui Itapoã, Lago Norte e Varjão);337;3888;416;1968;39501;47;33;3886;30674;4244;9149;100;251;40;86065;94197;0.48;2.29;45.9;0.05;0.04;4.52;35.64;10.63;0.12;0.29;0.05
3;Taguatinga Norte;235;2360;337;1166;27366;48;19;1852;16864;2663;4566;33;129;16;52396;57419;0.64;2.23;52.23;0.09;0.04;3.53;32.19;8.71;0.06;0.25;0.03
4;Santa Maria;294;4684;632;1792;36860;43;22;2474;22850;4314;6873;85;156;37;71824;80822;0.88;2.49;51.32;0.06;0.03;3.44;31.81;9.57;0.12;0.22;0.05
5;Sobradinho (inclui Sobradinho II e Fercal);419;4083;467;2136;49742;72;29;3413;34380;4761;8177;89;312;79;98896;107740;0.47;2.16;50.3;0.07;0.03;3.45;34.76;8.27;0.09;0.32;0.08
6;Planaltina;425;5178;786;2125;50485;37;30;2682;33739;5618;8748;81;181;54;98948;109744;0.79;2.15;51.02;0.04;0.03;2.71;34.1;8.84;0.08;0.18;0.05
8;Ceilândia Centro / Norte;454;5129;614;1923;51711;100;36;2798;32565;5621;8699;107;169;35;98757;109507;0.62;1.95;52.36;0.1;0.04;2.83;32.97;8.81;0.11;0.17;0.04
9;Guará;443;3889;426;2233;47927;106;35;5031;36309;4564;7854;106;327;40;100394;108847;0.42;2.22;47.74;0.11;0.03;5.01;36.17;7.82;0.11;0.33;0.04
10;Núcleo Bandeirante (inclui Candangolândia e Riacho Fundo);349;3905;397;1815;48301;71;27;4235;28855;4450;7729;87;195;42;91754;100109;0.43;1.98;52.64;0.08;0.03;4.62;31.45;8.42;0.09;0.21;0.05
11;Cruzeiro (inclui Sudoeste e Octogonal);249;1831;118;1569;25764;61;24;4158;22818;2033;4155;45;132;13;58857;62721;0.2;2.67;43.77;0.1;0.04;7.06;38.77;7.06;0.08;0.22;0.02
13;Samambaia;417;5597;706;2164;56458;71;29;3473;29912;6083;9401;117;231;46;102608;114288;0.69;2.11;55.02;0.07;0.03;3.38;29.15;9.16;0.11;0.23;0.04
14;Asa Norte;334;2405;145;2452;31376;64;66;5599;39885;2536;5531;94;309;25;85546;90487;0.17;2.87;36.68;0.07;0.08;6.55;46.62;6.47;0.11;0.36;0.03
15;Águas Claras;514;4463;391;2682;62390;90;50;7531;45991;5027;10126;116;305;57;129729;139219;0.3;2.07;48.09;0.07;0.04;5.81;35.45;7.81;0.09;0.24;0.04
16;Ceilândia Norte e Brazlândia;479;6039;851;2483;60518;52;27;2987;33304;6511;10020;113;197;24;110576;123126;0.77;2.25;54.73;0.05;0.02;2.7;30.12;9.06;0.1;0.18;0.02
17;Gama;396;4769;514;1983;46363;66;43;3044;32499;5199;8884;92;209;33;93730;103698;0.55;2.12;49.46;0.07;0.05;3.25;34.67;9.48;0.1;0.22;0.04
18;Lago Sul (inclui São Sebastião e Jardim Botânico);431;4264;372;1862;48818;58;30;6266;35332;4405;6997;103;220;39;100097;108766;0.37;1.86;48.77;0.06;0.03;6.26;35.3;6.99;0.1;0.22;0.04
19;Taguatinga Norte / Vicente Pires;347;3133;343;1694;44637;67;22;3896;26076;3535;6919;72;168;22;83916;90584;0.41;2.02;53.19;0.08;0.03;4.64;31.07;8.25;0.09;0.2;0.03
20;Ceilândia Sul;231;2962;326;1337;30525;25;14;1691;18957;3223;5155;60;122;22;58234;64419;0.56;2.3;52.42;0.04;0.02;2.9;32.55;8.85;0.1;0.21;0.04
21;Recanto das Emas;334;4591;506;1818;44162;39;19;2429;24266;4851;7987;81;186;27;81520;90962;0.62;2.23;54.17;0.05;0.02;2.98;29.77;9.8;0.1;0.23;0.03
