bairro;secoes;BRANCOS;Candidato 55 (55);Cappelli (40);Celina Leão (11);Elisson (36);Expedito Mendonça (29);Kiko Caputo (30);Leandro Grass (13);NULOS;Paula Belmonte (45);Professor Robson (16);Professora Samara Mineiro (80);Rico Pinheiro (28);VOTOS_VALIDOS;TOTAL_COMPARECIMENTO;%validos Candidato 55 (55);%validos Cappelli (40);%validos Celina Leão (11);%validos Elisson (36);%validos Expedito Mendonça (29);%validos Kiko Caputo (30);%validos Leandro Grass (13);%validos Paula Belmonte (45);%validos Professor Robson (16);%validos Professora Samara Mineiro (80);%validos Rico Pinheiro (28)
AGUAS CLARAS - TAGUATINGA SUL;154;1263;103;923;19255;27;20;2714;14882;1418;3264;30;96;14;41328;44009;0.25;2.23;46.59;0.07;0.05;6.57;36.01;7.9;0.07;0.23;0.03
ARAPOANGA;40;612;105;295;5004;4;4;303;3110;618;1051;7;17;0;9900;11130;1.06;2.98;50.55;0.04;0.04;3.06;31.41;10.62;0.07;0.17;0.0
AREA OCTOGONAL SUL;47;321;13;341;4668;10;3;972;4464;327;811;3;22;0;11307;11955;0.11;3.02;41.28;0.09;0.03;8.6;39.48;7.17;0.03;0.19;0.0
AREAL (ÁGUAS CLARAS);82;767;78;371;10252;16;5;1028;6286;853;1597;15;40;9;19697;21317;0.4;1.88;52.05;0.08;0.03;5.22;31.91;8.11;0.08;0.2;0.05
ASA NORTE;334;2405;145;2452;31376;64;66;5599;39885;2536;5531;94;309;25;85546;90487;0.17;2.87;36.68;0.07;0.08;6.55;46.62;6.47;0.11;0.36;0.03
ASA SUL;281;1604;109;1626;22626;55;40;4703;24654;1816;3795;59;159;20;57846;61266;0.19;2.81;39.11;0.1;0.07;8.13;42.62;6.56;0.1;0.27;0.03
BRAZLANDIA;13;137;27;49;1566;1;2;54;605;144;159;3;3;0;2469;2750;1.09;1.98;63.43;0.04;0.08;2.19;24.5;6.44;0.12;0.12;0.0
CANDANGOLANDIA;46;445;50;200;5724;14;9;414;3380;578;922;15;21;2;10751;11774;0.47;1.86;53.24;0.13;0.08;3.85;31.44;8.58;0.14;0.2;0.02
CEILANDIA NORTE;620;7733;980;2851;74603;95;43;3872;45159;8356;12507;148;258;45;140561;156650;0.7;2.03;53.08;0.07;0.03;2.75;32.13;8.9;0.11;0.18;0.03
CEILANDIA SUL;374;4496;508;1953;47833;66;26;2674;29362;4960;8075;93;179;35;90804;100260;0.56;2.15;52.68;0.07;0.03;2.94;32.34;8.89;0.1;0.2;0.04
CIDADE ESTRUTURAL;77;898;169;362;9622;8;5;661;4110;1104;1760;10;41;4;16752;18754;1.01;2.16;57.44;0.05;0.03;3.95;24.53;10.51;0.06;0.24;0.02
CIDADE NOVA;6;98;7;24;706;0;0;32;371;91;126;0;5;0;1271;1460;0.55;1.89;55.55;0.0;0.0;2.52;29.19;9.91;0.0;0.39;0.0
COLÔNIA AGRÍCOLA VICENTE PIRES;8;97;5;49;1349;1;0;111;731;114;231;1;0;0;2478;2689;0.2;1.98;54.44;0.04;0.0;4.48;29.5;9.32;0.04;0.0;0.0
CRUZEIRO NOVO;84;642;52;437;8879;22;8;964;7614;718;1289;23;48;3;19339;20699;0.27;2.26;45.91;0.11;0.04;4.98;39.37;6.67;0.12;0.25;0.02
CRUZEIRO VELHO;34;262;21;184;3353;13;6;398;3028;308;567;8;19;4;7601;8171;0.28;2.42;44.11;0.17;0.08;5.24;39.84;7.46;0.11;0.25;0.05
ENGENHO DAS LAJES;4;50;6;16;693;0;0;19;280;57;53;1;2;0;1070;1177;0.56;1.5;64.77;0.0;0.0;1.78;26.17;4.95;0.09;0.19;0.0
ESTANCIA MESTRE D'ARMAS;15;239;40;107;1819;1;0;68;1514;258;356;3;7;6;3921;4418;1.02;2.73;46.39;0.03;0.0;1.73;38.61;9.08;0.08;0.18;0.15
GRANJA DO TORTO;6;66;8;30;869;1;1;74;553;90;117;5;3;10;1671;1827;0.48;1.8;52.0;0.06;0.06;4.43;33.09;7.0;0.3;0.18;0.6
GUARA I;167;1192;100;718;15281;59;12;1724;13483;1418;2348;31;144;19;33919;36529;0.29;2.12;45.05;0.17;0.04;5.08;39.75;6.92;0.09;0.42;0.06
GUARA II;198;1798;157;1153;23014;39;18;2645;18712;2041;3745;65;142;17;49707;53546;0.32;2.32;46.3;0.08;0.04;5.32;37.64;7.53;0.13;0.29;0.03
ITAPOÃ;65;871;107;351;8312;10;2;557;5927;957;1826;16;52;6;17166;18994;0.62;2.04;48.42;0.06;0.01;3.24;34.53;10.64;0.09;0.3;0.03
JARDIM RORIZ;17;229;26;83;2393;1;3;143;1476;244;438;6;8;2;4579;5052;0.57;1.81;52.26;0.02;0.07;3.12;32.23;9.57;0.13;0.17;0.04
JARDINS MANGUEIRAL;18;168;9;107;2505;7;1;370;2367;171;423;2;18;1;5810;6149;0.15;1.84;43.12;0.12;0.02;6.37;40.74;7.28;0.03;0.31;0.02
LAGO NORTE;83;654;52;653;9437;10;13;1775;9425;671;1967;28;72;7;23439;24764;0.22;2.79;40.26;0.04;0.06;7.57;40.21;8.39;0.12;0.31;0.03
LAGO SUL;137;879;51;765;14546;16;12;4006;10711;889;2214;25;69;11;32426;34194;0.16;2.36;44.86;0.05;0.04;12.35;33.03;6.83;0.08;0.21;0.03
N.R.ALEX. GUSMAO;23;240;29;99;2926;3;0;132;1387;290;337;7;9;0;4929;5459;0.59;2.01;59.36;0.06;0.0;2.68;28.14;6.84;0.14;0.18;0.0
NORTE (AGUAS CLARAS);29;217;18;193;3204;4;5;546;3276;258;534;4;18;3;7805;8280;0.23;2.47;41.05;0.05;0.06;7.0;41.97;6.84;0.05;0.23;0.04
NUCLEO BANDEIRANTE;115;1087;94;674;14810;19;9;1925;10045;1262;2425;23;58;18;30100;32449;0.31;2.24;49.2;0.06;0.03;6.4;33.37;8.06;0.08;0.19;0.06
NÚCLEO RURAL CÓRREGO DO ARROZAL;2;23;1;14;217;0;0;10;187;77;34;0;0;0;463;563;0.22;3.02;46.87;0.0;0.0;2.16;40.39;7.34;0.0;0.0;0.0
PARANOÁ;167;2130;233;857;18969;22;15;1387;13510;2311;4784;45;108;17;39947;44388;0.58;2.15;47.49;0.06;0.04;3.47;33.82;11.98;0.11;0.27;0.04
PLANALTINA;300;3426;518;1414;34852;21;20;1850;23475;3867;5917;52;125;39;68283;75576;0.76;2.07;51.04;0.03;0.03;2.71;34.38;8.67;0.08;0.18;0.06
PONTE ALTA NORTE;8;95;13;36;1317;0;3;77;655;93;198;3;7;2;2311;2499;0.56;1.56;56.99;0.0;0.13;3.33;28.34;8.57;0.13;0.3;0.09
RECANTO DAS EMAS;254;3526;403;1392;33588;32;14;1867;18927;3679;6044;65;152;20;62504;69709;0.64;2.23;53.74;0.05;0.02;2.99;30.28;9.67;0.1;0.24;0.03
RESIDENCIAL SANTOS DUMONT;18;190;21;92;2837;8;0;217;1443;203;363;5;14;5;5005;5398;0.42;1.84;56.68;0.16;0.0;4.34;28.83;7.25;0.1;0.28;0.1
RIACHO FUNDO;93;1091;101;413;13708;17;7;1109;7306;1220;2029;25;66;9;24790;27101;0.41;1.67;55.3;0.07;0.03;4.47;29.47;8.18;0.1;0.27;0.04
RIACHO FUNDO II;93;1261;148;513;13817;21;2;735;7971;1375;2309;24;48;13;25601;28237;0.58;2.0;53.97;0.08;0.01;2.87;31.14;9.02;0.09;0.19;0.05
SAMAMBAIA;326;4232;500;1661;42930;37;21;2535;22174;4605;7298;77;167;36;77436;86273;0.65;2.14;55.44;0.05;0.03;3.27;28.64;9.42;0.1;0.22;0.05
SAMAMBAIA NORTE;118;1642;219;640;16166;26;10;1038;8859;1755;2752;38;69;10;29827;33224;0.73;2.15;54.2;0.09;0.03;3.48;29.7;9.23;0.13;0.23;0.03
SAMAMBAIA SUL;53;788;90;289;7936;15;3;462;4218;895;1294;18;29;7;14361;16044;0.63;2.01;55.26;0.1;0.02;3.22;29.37;9.01;0.13;0.2;0.05
SANTA MARIA;270;4396;604;1676;33317;35;22;2225;21036;4020;6384;80;137;32;65548;73964;0.92;2.56;50.83;0.05;0.03;3.39;32.09;9.74;0.12;0.21;0.05
SAO BARTOLOMEU - SÃO SEBASTIÃO;29;234;28;60;2617;7;2;92;1592;343;365;5;5;1;4774;5351;0.59;1.26;54.82;0.15;0.04;1.93;33.35;7.65;0.1;0.1;0.02
SAO SEBASTIAO;200;2613;250;724;23643;21;12;1295;17053;2581;3338;63;109;22;46530;51724;0.54;1.56;50.81;0.05;0.03;2.78;36.65;7.17;0.14;0.23;0.05
SETOR CENTRAL;71;811;88;364;8650;11;6;577;6497;959;1531;15;38;8;17785;19555;0.49;2.05;48.64;0.06;0.03;3.24;36.53;8.61;0.08;0.21;0.04
SETOR DE INDUSTRIAS GRAFICAS;16;115;7;137;1453;2;1;379;1748;133;274;1;11;0;4013;4261;0.17;3.41;36.21;0.05;0.02;9.44;43.56;6.83;0.02;0.27;0.0
SETOR DE MANSOES PARK WAY;2;21;4;15;242;0;0;52;153;15;44;0;2;0;512;548;0.78;2.93;47.27;0.0;0.0;10.16;29.88;8.59;0.0;0.39;0.0
SETOR HABITACIONAL JARDIM BOTANICO;30;211;13;150;2920;6;1;463;2904;211;462;5;19;1;6944;7366;0.19;2.16;42.05;0.09;0.01;6.67;41.82;6.65;0.07;0.27;0.01
SETOR LESTE;132;1525;151;665;14860;29;14;928;10346;1665;2777;38;59;8;29875;33065;0.51;2.23;49.74;0.1;0.05;3.11;34.63;9.3;0.13;0.2;0.03
SETOR MILITAR COMPLEMENTAR;4;27;4;12;564;0;1;41;122;37;61;1;2;0;808;872;0.5;1.49;69.8;0.0;0.12;5.07;15.1;7.55;0.12;0.25;0.0
SETOR MILITAR URBANO;8;54;6;20;1254;2;0;116;289;59;94;0;6;1;1788;1901;0.34;1.12;70.13;0.11;0.0;6.49;16.16;5.26;0.0;0.34;0.06
SETOR NORTE;62;757;106;346;8107;6;3;441;4843;796;1478;16;24;0;15370;16923;0.69;2.25;52.75;0.04;0.02;2.87;31.51;9.62;0.1;0.16;0.0
SETOR OESTE;68;851;92;364;7650;12;12;540;5316;948;1692;10;40;8;15736;17535;0.58;2.31;48.61;0.08;0.08;3.43;33.78;10.75;0.06;0.25;0.05
SETOR RESIDENCIAL LESTE;39;448;59;158;4830;3;3;232;3002;448;665;10;10;4;8976;9872;0.66;1.76;53.81;0.03;0.03;2.58;33.44;7.41;0.11;0.11;0.04
SETOR RESIDENCIAL NORTE;4;36;9;11;384;0;0;20;281;42;84;0;3;0;792;870;1.14;1.39;48.48;0.0;0.0;2.53;35.48;10.61;0.0;0.38;0.0
SETOR SUDOESTE;56;410;15;438;5593;12;5;1288;5553;451;1059;9;24;5;14001;14862;0.11;3.13;39.95;0.09;0.04;9.2;39.66;7.56;0.06;0.17;0.04
SETOR SUL;103;1234;148;486;11315;12;6;732;7859;1276;2219;24;50;7;22858;25368;0.65;2.13;49.5;0.05;0.03;3.2;34.38;9.71;0.1;0.22;0.03
SETOR TRADICIONAL;14;114;22;44;1554;0;0;83;739;115;181;1;4;0;2628;2857;0.84;1.67;59.13;0.0;0.0;3.16;28.12;6.89;0.04;0.15;0.0
SETOR VEREDAS;23;243;31;126;2543;3;0;101;1418;273;474;2;2;0;4700;5216;0.66;2.68;54.11;0.06;0.0;2.15;30.17;10.09;0.04;0.04;0.0
SOBRADINHO;324;3026;351;1648;38103;54;28;2762;26932;3532;6094;73;255;74;76374;82932;0.46;2.16;49.89;0.07;0.04;3.62;35.26;7.98;0.1;0.33;0.1
SOBRADINHO II;93;1034;115;474;11422;18;1;641;7261;1152;2049;16;57;5;22059;24245;0.52;2.15;51.78;0.08;0.0;2.91;32.92;9.29;0.07;0.26;0.02
SUL (AGUAS CLARAS);57;487;29;353;6484;9;4;965;5923;489;1024;19;42;4;14856;15832;0.2;2.38;43.65;0.06;0.03;6.5;39.87;6.89;0.13;0.28;0.03
TAGUATINGA CENTRO;18;139;13;86;2063;1;0;243;1507;165;310;6;11;1;4241;4545;0.31;2.03;48.64;0.02;0.0;5.73;35.53;7.31;0.14;0.26;0.02
TAGUATINGA NORTE;590;5531;690;2869;72541;117;43;5859;43615;6260;11582;104;308;42;137770;149561;0.5;2.08;52.65;0.08;0.03;4.25;31.66;8.41;0.08;0.22;0.03
TAGUATINGA SUL;158;1455;135;698;19245;30;14;1813;12711;1668;3069;42;87;22;37866;40989;0.36;1.84;50.82;0.08;0.04;4.79;33.57;8.1;0.11;0.23;0.06
TAQUARI;2;19;1;7;185;0;1;18;135;15;24;1;4;0;376;410;0.27;1.86;49.2;0.0;0.27;4.79;35.9;6.38;0.27;1.06;0.0
VALE DO AMANHECER;10;188;29;57;1203;7;0;66;881;141;237;3;11;3;2497;2826;1.16;2.28;48.18;0.28;0.0;2.64;35.28;9.49;0.12;0.44;0.12
VARJÃO;14;148;15;70;1729;4;1;75;1124;200;431;5;12;0;3466;3814;0.43;2.02;49.88;0.12;0.03;2.16;32.43;12.44;0.14;0.35;0.0
VILA SAO JOSE;45;613;104;327;5500;5;5;290;2859;622;1077;11;22;1;10201;11436;1.02;3.21;53.92;0.05;0.05;2.84;28.03;10.56;0.11;0.22;0.01
ZONA INDUSTRIAL;1;1;0;0;10;0;0;1;4;1;1;0;0;0;16;18;0.0;0.0;62.5;0.0;0.0;6.25;25.0;6.25;0.0;0.0;0.0
ZONA RURAL;17;159;21;56;2587;1;2;40;705;210;195;3;0;3;3613;3982;0.58;1.55;71.6;0.03;0.06;1.11;19.51;5.4;0.08;0.0;0.08
