bairro;secoes;BRANCOS;Candidato 28 (28);Clariana Barao (27);Edmilson Costa (21);Escritor Augusto Cury (70);Flavio Bolsonaro (22);Hertz Dias (16);Lula (13);NULOS;Renan Santos (14);Ronaldo Caiado (55);Rui Costa Pimenta (29);Samara (80);Veterinário Wilson Grassi (35);Zema (30);VOTOS_VALIDOS;TOTAL_COMPARECIMENTO;%validos Candidato 28 (28);%validos Clariana Barao (27);%validos Edmilson Costa (21);%validos Escritor Augusto Cury (70);%validos Flavio Bolsonaro (22);%validos Hertz Dias (16);%validos Lula (13);%validos Renan Santos (14);%validos Ronaldo Caiado (55);%validos Rui Costa Pimenta (29);%validos Samara (80);%validos Veterinário Wilson Grassi (35);%validos Zema (30)
AGUAS CLARAS - TAGUATINGA SUL;154;409;0;12;12;1298;21828;29;16355;552;1328;2105;11;54;12;249;43293;44254;0.0;0.03;0.03;3.0;50.42;0.07;37.78;3.07;4.86;0.03;0.12;0.03;0.58
ARAPOANGA;40;199;0;6;4;266;5581;4;4003;230;332;472;0;18;2;14;10702;11131;0.0;0.06;0.04;2.49;52.15;0.04;37.4;3.1;4.41;0.0;0.17;0.02;0.13
AREA OCTOGONAL SUL;47;101;0;5;0;322;5408;2;4970;131;310;599;5;17;7;81;11726;11958;0.0;0.04;0.0;2.75;46.12;0.02;42.38;2.64;5.11;0.04;0.14;0.06;0.69
AREAL (ÁGUAS CLARAS);82;262;2;8;2;562;11310;9;7304;316;641;878;4;25;3;69;20817;21395;0.01;0.04;0.01;2.7;54.33;0.04;35.09;3.08;4.22;0.02;0.12;0.01;0.33
ASA NORTE;334;876;0;42;32;2152;36650;79;45764;1041;2436;3816;51;188;26;563;91799;93716;0.0;0.05;0.03;2.34;39.92;0.09;49.85;2.65;4.16;0.06;0.2;0.03;0.61
ASA SUL;281;582;1;35;15;1389;26996;27;28319;803;1654;2785;38;105;6;381;61751;63136;0.0;0.06;0.02;2.25;43.72;0.04;45.86;2.68;4.51;0.06;0.17;0.01;0.62
BRAZLANDIA;13;50;0;0;2;53;1437;1;922;70;50;159;2;2;0;3;2631;2751;0.0;0.0;0.08;2.01;54.62;0.04;35.04;1.9;6.04;0.08;0.08;0.0;0.11
CANDANGOLANDIA;46;140;0;8;3;290;6262;3;4000;197;265;621;6;12;2;21;11493;11830;0.0;0.07;0.03;2.52;54.49;0.03;34.8;2.31;5.4;0.05;0.1;0.02;0.18
CEILANDIA NORTE;620;2600;5;64;13;3871;79735;58;55742;3547;3561;7422;17;146;31;192;150857;157004;0.0;0.04;0.01;2.57;52.85;0.04;36.95;2.36;4.92;0.01;0.1;0.02;0.13
CEILANDIA SUL;374;1623;7;36;19;2451;51901;27;35176;2044;2305;4625;17;99;16;159;96838;100505;0.01;0.04;0.02;2.53;53.6;0.03;36.32;2.38;4.78;0.02;0.1;0.02;0.16
CIDADE ESTRUTURAL;77;316;0;9;3;459;10487;2;5769;455;503;737;1;34;7;23;18034;18805;0.0;0.05;0.02;2.55;58.15;0.01;31.99;2.79;4.09;0.01;0.19;0.04;0.13
CIDADE NOVA;6;35;0;1;0;14;766;0;489;36;37;77;0;3;0;2;1389;1460;0.0;0.07;0.0;1.01;55.15;0.0;35.21;2.66;5.54;0.0;0.22;0.0;0.14
COLÔNIA AGRÍCOLA VICENTE PIRES;8;28;0;1;2;76;1530;0;798;37;93;117;0;4;0;3;2624;2689;0.0;0.04;0.08;2.9;58.31;0.0;30.41;3.54;4.46;0.0;0.15;0.0;0.11
CRUZEIRO NOVO;84;216;2;12;5;511;9776;18;8623;332;588;860;5;30;1;66;20497;21045;0.01;0.06;0.02;2.49;47.69;0.09;42.07;2.87;4.2;0.02;0.15;0.0;0.32
CRUZEIRO VELHO;34;106;0;3;6;218;3895;8;3594;121;234;389;6;10;2;37;8402;8629;0.0;0.04;0.07;2.59;46.36;0.1;42.78;2.79;4.63;0.07;0.12;0.02;0.44
ENGENHO DAS LAJES;4;11;0;0;1;16;675;0;373;20;15;64;0;2;0;0;1146;1177;0.0;0.0;0.09;1.4;58.9;0.0;32.55;1.31;5.58;0.0;0.17;0.0;0.0
ESTANCIA MESTRE D'ARMAS;15;68;0;1;1;118;2072;1;1800;91;97;156;0;4;2;7;4259;4418;0.0;0.02;0.02;2.77;48.65;0.02;42.26;2.28;3.66;0.0;0.09;0.05;0.16
GRANJA DO TORTO;6;28;0;1;1;49;928;1;632;47;55;81;1;1;0;2;1752;1827;0.0;0.06;0.06;2.8;52.97;0.06;36.07;3.14;4.62;0.06;0.06;0.0;0.11
GUARA I;167;448;2;14;10;996;17021;33;15073;595;981;1585;6;63;8;128;35920;36963;0.01;0.04;0.03;2.77;47.39;0.09;41.96;2.73;4.41;0.02;0.18;0.02;0.36
GUARA II;198;647;2;32;11;1516;25659;35;21113;850;1488;2432;13;89;7;208;52605;54102;0.0;0.06;0.02;2.88;48.78;0.07;40.13;2.83;4.62;0.02;0.17;0.01;0.4
ITAPOÃ;65;311;0;8;5;494;9222;7;7305;353;521;698;2;25;6;38;18331;18995;0.0;0.04;0.03;2.69;50.31;0.04;39.85;2.84;3.81;0.01;0.14;0.03;0.21
JARDIM RORIZ;17;76;0;0;0;110;2705;5;1654;105;118;267;0;5;0;7;4871;5052;0.0;0.0;0.0;2.26;55.53;0.1;33.96;2.42;5.48;0.0;0.1;0.0;0.14
JARDINS MANGUEIRAL;18;71;0;1;2;151;2790;2;2588;75;175;253;0;9;2;30;6003;6149;0.0;0.02;0.03;2.52;46.48;0.03;43.11;2.92;4.21;0.0;0.15;0.03;0.5
LAGO NORTE;83;217;1;9;9;632;10951;21;10720;263;682;1209;16;32;9;171;24462;24942;0.0;0.04;0.04;2.58;44.77;0.09;43.82;2.79;4.94;0.07;0.13;0.04;0.7
LAGO SUL;137;325;0;8;8;802;17598;20;12315;351;1019;1751;7;41;10;256;33835;34511;0.0;0.02;0.02;2.37;52.01;0.06;36.4;3.01;5.18;0.02;0.12;0.03;0.76
N.R.ALEX. GUSMAO;23;97;0;2;2;92;2866;1;1837;127;132;285;1;6;1;10;5235;5459;0.0;0.04;0.04;1.76;54.75;0.02;35.09;2.52;5.44;0.02;0.11;0.02;0.19
NORTE (AGUAS CLARAS);29;78;1;3;1;233;3697;2;3647;118;280;353;0;21;1;37;8276;8472;0.01;0.04;0.01;2.82;44.67;0.02;44.07;3.38;4.27;0.0;0.25;0.01;0.45
NUCLEO BANDEIRANTE;115;349;0;24;5;835;16749;15;11598;508;916;1488;8;44;8;116;31806;32663;0.0;0.08;0.02;2.63;52.66;0.05;36.46;2.88;4.68;0.03;0.14;0.03;0.36
NÚCLEO RURAL CÓRREGO DO ARROZAL;2;14;0;0;0;8;231;0;244;42;9;15;0;1;1;0;509;565;0.0;0.0;0.0;1.57;45.38;0.0;47.94;1.77;2.95;0.0;0.2;0.2;0.0
PARANOÁ;167;747;3;27;10;1261;21812;20;16660;907;1157;1885;5;48;9;72;42969;44623;0.01;0.06;0.02;2.93;50.76;0.05;38.77;2.69;4.39;0.01;0.11;0.02;0.17
PLANALTINA;300;1126;4;27;10;1713;37855;15;28265;1573;1639;3388;12;69;12;114;73123;75822;0.01;0.04;0.01;2.34;51.77;0.02;38.65;2.24;4.63;0.02;0.09;0.02;0.16
PONTE ALTA NORTE;8;36;0;0;0;53;1422;1;765;41;64;106;0;4;3;4;2422;2499;0.0;0.0;0.0;2.19;58.71;0.04;31.59;2.64;4.38;0.0;0.17;0.12;0.17
RECANTO DAS EMAS;254;1219;2;32;12;1933;35596;27;24161;1535;1660;3493;8;99;7;86;67116;69870;0.0;0.05;0.02;2.88;53.04;0.04;36.0;2.47;5.2;0.01;0.15;0.01;0.13
RESIDENCIAL SANTOS DUMONT;18;65;0;0;0;125;3142;3;1591;70;139;235;1;11;0;16;5263;5398;0.0;0.0;0.0;2.38;59.7;0.06;30.23;2.64;4.47;0.02;0.21;0.0;0.3
RIACHO FUNDO;93;346;0;4;3;728;15040;9;8703;510;729;1077;2;41;3;67;26406;27262;0.0;0.02;0.01;2.76;56.96;0.03;32.96;2.76;4.08;0.01;0.16;0.01;0.25
RIACHO FUNDO II;93;463;1;11;6;685;14567;17;9732;595;848;1307;4;40;1;34;27253;28311;0.0;0.04;0.02;2.51;53.45;0.06;35.71;3.11;4.8;0.01;0.15;0.0;0.12
SAMAMBAIA;326;1404;7;31;14;2308;47008;24;27122;1864;2038;4339;18;83;7;141;83140;86408;0.01;0.04;0.02;2.78;56.54;0.03;32.62;2.45;5.22;0.02;0.1;0.01;0.17
SAMAMBAIA NORTE;118;552;0;10;2;913;17839;13;10744;721;880;1602;3;33;8;62;32109;33382;0.0;0.03;0.01;2.84;55.56;0.04;33.46;2.74;4.99;0.01;0.1;0.02;0.19
SAMAMBAIA SUL;53;237;0;7;1;410;8539;5;5382;352;437;771;2;15;1;31;15601;16190;0.0;0.04;0.01;2.63;54.73;0.03;34.5;2.8;4.94;0.01;0.1;0.01;0.2
SANTA MARIA;270;1287;0;26;12;1757;37027;27;26168;1542;1708;4537;7;71;13;96;71449;74278;0.0;0.04;0.02;2.46;51.82;0.04;36.62;2.39;6.35;0.01;0.1;0.02;0.13
SAO BARTOLOMEU - SÃO SEBASTIÃO;29;85;0;1;3;117;2589;2;2126;157;84;234;1;1;1;14;5173;5415;0.0;0.02;0.06;2.26;50.05;0.04;41.1;1.62;4.52;0.02;0.02;0.02;0.27
SAO SEBASTIAO;200;821;1;13;5;1369;23825;28;21079;1070;1358;2138;7;58;9;76;49966;51857;0.0;0.03;0.01;2.74;47.68;0.06;42.19;2.72;4.28;0.01;0.12;0.02;0.15
SETOR CENTRAL;71;289;1;10;3;448;9589;5;7411;408;480;957;5;20;2;29;18960;19657;0.01;0.05;0.02;2.36;50.57;0.03;39.09;2.53;5.05;0.03;0.11;0.01;0.15
SETOR DE INDUSTRIAS GRAFICAS;16;43;0;2;0;136;1669;3;1931;52;159;229;1;6;2;31;4169;4264;0.0;0.05;0.0;3.26;40.03;0.07;46.32;3.81;5.49;0.02;0.14;0.05;0.74
SETOR DE MANSOES PARK WAY;2;13;0;0;0;13;281;0;169;6;36;23;0;3;1;3;529;548;0.0;0.0;0.0;2.46;53.12;0.0;31.95;6.81;4.35;0.0;0.57;0.19;0.57
SETOR HABITACIONAL JARDIM BOTANICO;30;77;1;4;1;212;3339;4;3289;83;243;286;5;12;1;36;7433;7593;0.01;0.05;0.01;2.85;44.92;0.05;44.25;3.27;3.85;0.07;0.16;0.01;0.48
SETOR LESTE;132;470;4;10;5;772;16484;10;12134;623;801;1746;6;33;1;59;32065;33158;0.01;0.03;0.02;2.41;51.41;0.03;37.84;2.5;5.45;0.02;0.1;0.0;0.18
SETOR MILITAR COMPLEMENTAR;4;5;0;0;0;11;650;0;151;8;33;41;1;1;1;7;896;909;0.0;0.0;0.0;1.23;72.54;0.0;16.85;3.68;4.58;0.11;0.11;0.11;0.78
SETOR MILITAR URBANO;8;21;0;0;1;21;1405;1;318;17;41;64;1;2;1;8;1863;1901;0.0;0.0;0.05;1.13;75.42;0.05;17.07;2.2;3.44;0.05;0.11;0.05;0.43
SETOR NORTE;62;258;0;5;6;439;8831;3;5721;293;401;913;3;16;0;35;16373;16924;0.0;0.03;0.04;2.68;53.94;0.02;34.94;2.45;5.58;0.02;0.1;0.0;0.21
SETOR OESTE;68;282;0;13;1;452;8549;2;6478;381;376;957;7;22;2;34;16893;17556;0.0;0.08;0.01;2.68;50.61;0.01;38.35;2.23;5.67;0.04;0.13;0.01;0.2
SETOR RESIDENCIAL LESTE;39;144;1;1;1;224;5123;3;3459;174;251;470;2;6;0;13;9554;9872;0.01;0.01;0.01;2.34;53.62;0.03;36.2;2.63;4.92;0.02;0.06;0.0;0.14
SETOR RESIDENCIAL NORTE;4;12;0;0;0;33;433;0;309;14;20;49;0;0;0;0;844;870;0.0;0.0;0.0;3.91;51.3;0.0;36.61;2.37;5.81;0.0;0.0;0.0;0.0
SETOR SUDOESTE;56;156;0;4;1;447;6630;11;6325;174;392;794;8;14;2;139;14767;15097;0.0;0.03;0.01;3.03;44.9;0.07;42.83;2.65;5.38;0.05;0.09;0.01;0.94
SETOR SUL;103;399;0;4;3;544;12623;6;9395;479;503;1400;3;23;3;31;24538;25416;0.0;0.02;0.01;2.22;51.44;0.02;38.29;2.05;5.71;0.01;0.09;0.01;0.13
SETOR TRADICIONAL;14;35;0;1;0;65;1592;1;903;52;41;164;0;2;0;2;2771;2858;0.0;0.04;0.0;2.35;57.45;0.04;32.59;1.48;5.92;0.0;0.07;0.0;0.07
SETOR VEREDAS;23;74;0;1;1;128;2767;1;1691;101;92;343;0;7;1;9;5041;5216;0.0;0.02;0.02;2.54;54.89;0.02;33.54;1.83;6.8;0.0;0.14;0.02;0.18
SOBRADINHO;324;1085;4;38;13;2117;41085;56;31274;1465;2295;3590;13;155;16;195;80851;83401;0.0;0.05;0.02;2.62;50.82;0.07;38.68;2.84;4.44;0.02;0.19;0.02;0.24
SOBRADINHO II;93;348;1;6;3;640;12338;16;8881;469;596;1007;3;18;5;31;23545;24362;0.0;0.03;0.01;2.72;52.4;0.07;37.72;2.53;4.28;0.01;0.08;0.02;0.13
SUL (AGUAS CLARAS);57;167;0;5;3;420;7316;11;6604;197;607;657;4;27;3;69;15726;16090;0.0;0.03;0.02;2.67;46.52;0.07;41.99;3.86;4.18;0.03;0.17;0.02;0.44
TAGUATINGA CENTRO;18;55;0;1;2;130;2344;4;1637;73;88;180;0;8;1;22;4417;4545;0.0;0.02;0.05;2.94;53.07;0.09;37.06;1.99;4.08;0.0;0.18;0.02;0.5
TAGUATINGA NORTE;590;1860;3;50;26;3718;80329;61;50213;2570;4021;6746;18;177;27;351;145740;150170;0.0;0.03;0.02;2.55;55.12;0.04;34.45;2.76;4.63;0.01;0.12;0.02;0.24
TAGUATINGA SUL;158;513;1;11;8;1067;21588;19;14451;671;1186;1794;12;62;8;107;40314;41498;0.0;0.03;0.02;2.65;53.55;0.05;35.85;2.94;4.45;0.03;0.15;0.02;0.27
TAQUARI;2;6;0;0;0;13;203;0;158;3;14;9;1;1;0;2;401;410;0.0;0.0;0.0;3.24;50.62;0.0;39.4;3.49;2.24;0.25;0.25;0.0;0.5
VALE DO AMANHECER;10;63;0;2;3;101;1224;1;1168;48;86;127;0;3;0;0;2715;2826;0.0;0.07;0.11;3.72;45.08;0.04;43.02;3.17;4.68;0.0;0.11;0.0;0.0
VARJÃO;14;53;0;2;0;88;1845;2;1573;77;98;147;1;7;0;0;3763;3893;0.0;0.05;0.0;2.34;49.03;0.05;41.8;2.6;3.91;0.03;0.19;0.0;0.0
VILA SAO JOSE;45;209;0;9;1;340;6000;7;3612;247;243;749;1;7;2;14;10985;11441;0.0;0.08;0.01;3.1;54.62;0.06;32.88;2.21;6.82;0.01;0.06;0.02;0.13
ZONA INDUSTRIAL;1;0;0;0;0;0;12;0;6;0;1;0;0;0;0;0;19;19;0.0;0.0;0.0;0.0;63.16;0.0;31.58;5.26;0.0;0.0;0.0;0.0;0.0
ZONA RURAL;17;54;0;3;0;44;2380;0;1141;90;44;223;0;2;1;2;3840;3984;0.0;0.08;0.0;1.15;61.98;0.0;29.71;1.15;5.81;0.0;0.05;0.03;0.05
