zona;zona_nome;secoes;BRANCOS;Candidato 28 (28);Clariana Barao (27);Edmilson Costa (21);Escritor Augusto Cury (70);Flavio Bolsonaro (22);Hertz Dias (16);Lula (13);NULOS;Renan Santos (14);Ronaldo Caiado (55);Rui Costa Pimenta (29);Samara (80);Veterinário Wilson Grassi (35);Zema (30);VOTOS_VALIDOS;TOTAL_COMPARECIMENTO;%validos Candidato 28 (28);%validos Clariana Barao (27);%validos Edmilson Costa (21);%validos Escritor Augusto Cury (70);%validos Flavio Bolsonaro (22);%validos Hertz Dias (16);%validos Lula (13);%validos Renan Santos (14);%validos Ronaldo Caiado (55);%validos Rui Costa Pimenta (29);%validos Samara (80);%validos Veterinário Wilson Grassi (35);%validos Zema (30)
1;Asa Sul;281;582;1;35;15;1389;26996;27;28319;803;1654;2785;38;105;6;381;61751;63136;0.0;0.06;0.02;2.25;43.72;0.04;45.86;2.68;4.51;0.06;0.17;0.01;0.62
2;Paranoá (inclui Itapoã, Lago Norte e Varjão);337;1362;4;47;25;2537;44961;51;37048;1650;2527;4029;26;114;24;285;91678;94690;0.0;0.05;0.03;2.77;49.04;0.06;40.41;2.76;4.39;0.03;0.12;0.03;0.31
3;Taguatinga Norte;235;841;2;19;16;1381;30243;26;19503;1143;1429;2754;8;70;12;119;55582;57566;0.0;0.03;0.03;2.48;54.41;0.05;35.09;2.57;4.95;0.01;0.13;0.02;0.21
4;Santa Maria;294;1387;0;27;12;1896;40935;30;28248;1648;1884;4849;8;85;13;114;78101;81136;0.0;0.03;0.02;2.43;52.41;0.04;36.17;2.41;6.21;0.01;0.11;0.02;0.15
5;Sobradinho (inclui Sobradinho II e Fercal);419;1447;5;44;16;2765;53654;72;40399;1976;2900;4612;16;174;22;226;104905;108328;0.0;0.04;0.02;2.64;51.15;0.07;38.51;2.76;4.4;0.02;0.17;0.02;0.22
6;Planaltina;425;1688;5;37;19;2565;54993;29;40658;2235;2543;4929;14;105;16;155;106068;109991;0.0;0.03;0.02;2.42;51.85;0.03;38.33;2.4;4.65;0.01;0.1;0.02;0.15
8;Ceilândia Centro / Norte;454;1748;5;41;10;2686;55465;29;39676;2336;2368;5175;16;99;26;154;105750;109834;0.0;0.04;0.01;2.54;52.45;0.03;37.52;2.24;4.89;0.02;0.09;0.02;0.15
9;Guará;443;1411;4;55;24;2971;53179;70;41961;1900;2973;4754;20;186;22;359;106578;109889;0.0;0.05;0.02;2.79;49.9;0.07;39.37;2.79;4.46;0.02;0.17;0.02;0.34
10;Núcleo Bandeirante (inclui Candangolândia e Riacho Fundo);349;1311;1;47;17;2551;52899;44;34202;1816;2794;4516;20;140;15;241;97487;100614;0.0;0.05;0.02;2.62;54.26;0.05;35.08;2.87;4.63;0.02;0.14;0.02;0.25
11;Cruzeiro (inclui Sudoeste e Octogonal);249;648;2;26;13;1666;29433;43;25912;835;1757;2976;27;80;16;369;62320;63803;0.0;0.04;0.02;2.67;47.23;0.07;41.58;2.82;4.78;0.04;0.13;0.03;0.59
13;Samambaia;417;1838;5;39;11;3086;61650;37;36673;2488;2862;5613;17;115;15;209;110332;114658;0.0;0.04;0.01;2.8;55.88;0.03;33.24;2.59;5.09;0.02;0.1;0.01;0.19
14;Asa Norte;334;876;0;42;32;2152;36650;79;45764;1041;2436;3816;51;188;26;563;91799;93716;0.0;0.05;0.03;2.34;39.92;0.09;49.85;2.65;4.16;0.06;0.2;0.03;0.61
15;Águas Claras;514;1520;4;42;28;3797;70382;76;51649;1996;4235;6172;32;204;32;567;137220;140736;0.0;0.03;0.02;2.77;51.29;0.06;37.64;3.09;4.5;0.02;0.15;0.02;0.41
16;Ceilândia Norte e Brazlândia;479;2048;4;52;19;3079;64215;49;41620;2727;2850;6306;16;120;17;167;118514;123289;0.0;0.04;0.02;2.6;54.18;0.04;35.12;2.4;5.32;0.01;0.1;0.01;0.14
17;Gama;396;1556;5;40;14;2375;51583;24;38197;2020;2352;5483;23;108;11;168;100383;103959;0.0;0.04;0.01;2.37;51.39;0.02;38.05;2.34;5.46;0.02;0.11;0.01;0.17
18;Lago Sul (inclui São Sebastião e Jardim Botânico);431;1433;2;30;19;2695;52521;56;42538;1826;2923;4885;20;123;24;414;106250;109509;0.0;0.03;0.02;2.54;49.43;0.05;40.04;2.75;4.6;0.02;0.12;0.02;0.39
19;Taguatinga Norte / Vicente Pires;347;1011;1;30;12;2326;49317;33;29857;1395;2580;3904;9;104;11;221;88405;90811;0.0;0.03;0.01;2.63;55.79;0.04;33.77;2.92;4.42;0.01;0.12;0.01;0.25
20;Ceilândia Sul;231;1081;3;22;14;1584;33208;21;22667;1350;1494;2926;7;62;8;92;62108;64539;0.0;0.04;0.02;2.55;53.47;0.03;36.5;2.41;4.71;0.01;0.1;0.01;0.15
21;Recanto das Emas;334;1574;4;41;18;2478;47332;32;30736;1984;2153;4592;14;115;8;111;87634;91192;0.0;0.05;0.02;2.83;54.01;0.04;35.07;2.46;5.24;0.02;0.13;0.01;0.13
